name,image,muscles,equipment
Rickshaw Carry,https://www.bodybuilding.com/exercises/exerciseImages/sequences/742/Male/m/742_1.jpg,Forearms,Other
Single-Leg Press,https://www.bodybuilding.com/images/2020/xdb/cropped/xdb-50m-single-leg-leg-press-m1-square-600x600.jpg,Quadriceps,Machine
Landmine twist,https://www.bodybuilding.com/images/2020/xdb/cropped/xdb-129s-landmine-twist-m1-square-600x600.jpg,Abdominals,Other
Weighted pull-up,https://www.bodybuilding.com/images/2020/xdb/cropped/xdb-96c-weighted-pull-up-m1-square-600x600.jpg,Lats,Other
T-Bar Row with Handle,https://www.bodybuilding.com/exercises/exerciseImages/sequences/1931/Male/m/1931_1.jpg,Middle Back,Other
Palms-down wrist curl over bench,https://www.bodybuilding.com/images/2020/xdb/cropped/xdb-62e-palms-down-wrist-curl-over-bench-m1-square-600x600.jpg,Forearms,Barbell
Atlas Stones,https://www.bodybuilding.com/exercises/exerciseImages/sequences/659/Male/m/659_1.jpg,Lower Back,Other
Dumbbell front raise to lateral raise,https://www.bodybuilding.com/images/2020/xdb/cropped/xdb-61d-dumbbell-front-raise-to-lateral-raise-m2-square-600x600.jpg,Shoulders,Dumbbell
Clean from Blocks,https://www.bodybuilding.com/exercises/exerciseImages/sequences/746/Male/m/746_1.jpg,Quadriceps,Barbell
Incline Hammer Curls,https://www.bodybuilding.com/exercises/exerciseImages/sequences/882/Male/m/882_1.jpg,Biceps,Dumbbell
Straight-bar wrist roll-up,https://www.bodybuilding.com/images/2020/xdb/cropped/xdb-116s-straight-bar-wrist-roll-up-m1-square-600x600.jpg,Forearms,
Barbell glute bridge,https://www.bodybuilding.com/images/2020/xdb/cropped/xdb-114s-barbell-glute-bridge-m1-square-600x600.jpg,Glutes,Barbell
Clean and press,https://www.bodybuilding.com/images/2020/xdb/cropped/xdb-27b-clean-and-press-m1-square-600x600.jpg,Shoulders,Barbell
Triceps dip,https://www.bodybuilding.com/images/2020/xdb/cropped/xdb-1m-triceps-dip-m1-square-600x600.jpg,Triceps,Body Only
Dumbbell farmer's walk,https://www.bodybuilding.com/images/2020/xdb/cropped/xdb-30d-dumbbell-farmers-walk-m1-square-600x600.jpg,Forearms,Other
Palms-up wrist curl over bench,,Forearms,Barbell
Barbell Full Squat,,Quadriceps,Barbell
Barbell deficit deadlift,,Lower Back,Barbell
Barbell Deadlift,,Hamstrings,Barbell
Single-arm palm-in dumbbell shoulder press,,Shoulders,Dumbbell
Romanian Deadlift With Dumbbells,,Hamstrings,Dumbbell
Tire flip,,Quadriceps,Other
Clean Deadlift,,Hamstrings,Barbell
Elbow plank,,Abdominals,Body Only
Bottoms Up,https://www.bodybuilding.com/images/2020/xdb/cropped/xdb-63a-lying-leg-lift-m2-square-600x600.jpg,Abdominals,Body Only
Barbell back squat to box,https://www.bodybuilding.com/images/2020/xdb/cropped/xdb-72e-barbell-back-squat-to-box-m2-square-600x600.jpg,Quadriceps,Barbell
Clean and jerk,https://www.bodybuilding.com/images/2020/xdb/cropped/xdb-26b-clean-and-jerk-m1-square-600x600.jpg,Shoulders,Barbell
Single-arm kettlebell push-press,https://www.bodybuilding.com/images/2020/xdb/cropped/xdb-67k-single-arm-kettlebell-push-press-m2-square-600x600.jpg,Shoulders,Kettlebells
Push-press,https://www.bodybuilding.com/images/2020/xdb/cropped/xdb-39b-push-press-m2-square-600x600.jpg,Quadriceps,Barbell
Suspended ab fall-out,https://www.bodybuilding.com/images/2020/xdb/cropped/2019-xdb-158s-suspended-ab-fall-out-m2-600x600.jpg,Abdominals,Other
Military press,,Shoulders,Barbell
Power snatch-,,Quadriceps,Barbell
Sumo deadlift,,Hamstrings,Barbell
Hang Clean,,Quadriceps,Barbell
Dumbbell V-Sit Cross Jab,,Abdominals,Dumbbell
Reverse Band Box Squat,https://www.bodybuilding.com/exercises/exerciseImages/sequences/753/Male/m/753_2.jpg,Quadriceps,
Standing palms-in shoulder press,,Shoulders,Dumbbell
Standing cable low-to-high twist,,Abdominals,Cable
Decline EZ-bar skullcrusher,https://www.bodybuilding.com/images/2020/xdb/cropped/xdb-47n-decline-ez-bar-skullcrusher-m1-square-600x600.jpg,Triceps,E-Z Curl Bar
Standing behind-the-back wrist curl,https://www.bodybuilding.com/images/2020/xdb/cropped/xdb-14b-standing-behind-the-back-wrist-curl-m1-square-600x600.jpg,Forearms,Barbell
Seated finger curl,,Forearms,Barbell
Wide-grip barbell curl,,Biceps,Barbell
Dumbbell spell caster,,Abdominals,Dumbbell
Dumbbell floor press,,Triceps,Dumbbell
Lying Face Down Plate Neck Resistance,,Neck,Other
Pullups,,Lats,Body Only
Decline reverse crunch,,Abdominals,Other
Dumbbell Bench Press,,Chest,Dumbbell
Jumping rope,,Quadriceps,Body Only
Seated barbell shoulder press,,Shoulders,Barbell
EZ-bar spider curl,https://www.bodybuilding.com/images/2020/xdb/cropped/xdb-18n-barbell-spider-curl-m1-square-600x600.jpg,Biceps,Barbell
Smith machine shrug,,Traps,Machine
Smith Machine Calf Raise,,Calves,Machine
Romanian Deadlift from Deficit,,Hamstrings,Barbell
Power Snatch,,Hamstrings,Barbell
Pushups,,Chest,Body Only
Barbell walking lunge,,Quadriceps,Barbell
Front Squats With Two Kettlebells,https://www.bodybuilding.com/exercises/exerciseImages/sequences/511/Male/m/511_1.jpg,Quadriceps,Kettlebells
Spider crawl,,Abdominals,Body Only
Power Clean from Blocks,,Hamstrings,Barbell
Single Leg Push-off,,Quadriceps,Other
Hip Circles (Prone),,Abductors,
Reverse-grip bent-over row,,Middle Back,Barbell
Seated Two-Arm Palms-Up Low-Pulley Wrist Curl,,Forearms,Cable
Back extension,,Lower Back,Body Only
Close-grip bench press,,Chest,Barbell
Cocoons,,Abdominals,Body Only
Cross-Body Crunch,,Abdominals,Body Only
Dumbbell Flyes,,Chest,Dumbbell
Hammer Curls,https://www.bodybuilding.com/images/2020/xdb/cropped/xdb-7d-hammer-curl-m1-square-600x600.jpg,Biceps,Dumbbell
Incline dumbbell bench press,https://www.bodybuilding.com/images/2020/xdb/cropped/xdb-3n-incline-dumbbell-bench-press-m1-square-600x600.jpg,Chest,Dumbbell
Low-cable cross-over,https://www.bodybuilding.com/images/2020/xdb/cropped/xdb-5c-low-cable-cross-over-m1-square-600x600.jpg,Chest,Cable
Single-arm high-cable side bend,https://www.bodybuilding.com/images/2020/xdb/cropped/2019-xdb-107c-single-arm-high-cable-side-bend-m1-600x600.jpg,Abdominals,Cable
Seated Dumbbell Press,https://www.bodybuilding.com/images/2020/xdb/cropped/xdb-50e-seated-dumbbell-shoulder-press-m1-square-600x600.jpg,Shoulders,Dumbbell
Standing dumbbell shoulder press,https://www.bodybuilding.com/images/2020/xdb/cropped/xdb-104d-standing-dumbbell-shoulder-press-m1-square-600x600.jpg,Shoulders,Dumbbell
Single Leg Push-off,https://www.bodybuilding.com/exercises/exerciseImages/sequences/818/Male/m/818_1.jpg,Quadriceps,Other
Hip Circles (Prone),https://www.bodybuilding.com/images/2020/may/874_1.jpg,Abductors,
Reverse-grip bent-over row,https://www.bodybuilding.com/images/2020/xdb/cropped/xdb-02b-reverse-grip-bent-over-row-m1-square-600x600.jpg,Middle Back,Barbell
Seated Two-Arm Palms-Up Low-Pulley Wrist Curl,https://www.bodybuilding.com/exercises/exerciseImages/sequences/7/Male/m/7_1.jpg,Forearms,Cable
Back extension,https://www.bodybuilding.com/images/2020/xdb/cropped/xdb-16m-back-extension-m1-square-600x600.jpg,Lower Back,Body Only
Close-grip bench press,https://www.bodybuilding.com/images/2020/xdb/cropped/xdb-82e-close-grip-bench-press-m1-square-600x600.jpg,Chest,Barbell
Cocoons,https://www.bodybuilding.com/images/2020/xdb/cropped/xdb-170a-cocoon-crunch-m1-square-600x600.jpg,Abdominals,Body Only
Cross-Body Crunch,https://www.bodybuilding.com/images/2020/xdb/cropped/xdb-176a-elbow-to-knee-crunch-m1-square-600x600.jpg,Abdominals,Body Only
Dumbbell Flyes,https://www.bodybuilding.com/images/2020/xdb/cropped/xdb-31e-dumbbell-chest-fly-m1-square-600x600.jpg,Chest,Dumbbell
Hammer Curls,,Biceps,Dumbbell
Incline dumbbell bench press,https://www.bodybuilding.com/images/2020/xdb/cropped/xdb-3n-incline-dumbbell-bench-press-m2-square-600x600.jpg,Chest,Dumbbell
Seated Dumbbell Press,https://www.bodybuilding.com/images/2020/xdb/cropped/xdb-50e-seated-dumbbell-shoulder-press-m1-square-600x600.jpg,Shoulders,Dumbbell
Standing dumbbell shoulder press,https://www.bodybuilding.com/images/2020/xdb/cropped/xdb-104d-standing-dumbbell-shoulder-press-m1-square-600x600.jpg,Shoulders,Dumbbell
EZ-Bar Curl,https://www.bodybuilding.com/images/2020/xdb/cropped/2020-xdb-46s-standing-ez-bar-curl-m1-crop-600x600.jpg,Biceps,E-Z Curl Bar
Olympic Squat,,Quadriceps,Barbell
Natural Glute Ham Raise,,Hamstrings,Body Only
Axle Deadlift,,Lower Back,Other
Zottman Curl,,Biceps,
Glute ham raise-,,Hamstrings,None
Single-arm lateral raise,,Shoulders,Dumbbell
Power Partials,,Shoulders,Dumbbell
Leverage Shrug,https://www.bodybuilding.com/exercises/exerciseImages/sequences/898/Male/m/898_1.jpg,Traps,Machine
Cable V-bar push-down,https://www.bodybuilding.com/images/2020/xdb/cropped/xdb-17c-cable-v-bar-push-down-m1-square-600x600.jpg,Triceps,Cable
Wrist Roller,https://www.bodybuilding.com/exercises/exerciseImages/sequences/142/Male/m/142_1.jpg,Forearms,Other
Incline dumbbell reverse fly,https://www.bodybuilding.com/images/2020/xdb/cropped/2020-xdb-13n-incline-dumbbell-reverse-fly-m1-crop-600x600.jpg,Shoulders,Dumbbell
Stair climber,,Quadriceps,Machine
Elbow-to-knee crunch,https://www.bodybuilding.com/images/2020/xdb/cropped/xdb-176a-elbow-to-knee-crunch-m1-square-600x600.jpg,Abdominals,Body Only
Kettlebell Pistol Squat,https://www.bodybuilding.com/exercises/exerciseImages/sequences/521/Male/m/521_2.jpg,Quadriceps,Kettlebells
Overhead dumbbell front raise,https://www.bodybuilding.com/images/2020/xdb/cropped/xdb-17d-overhead-dumbbell-front-raise-m1-square-600x600.jpg,Shoulders,Dumbbell
Biceps curl to shoulder press,,Biceps,Dumbbell
Weighted bench dip,,Triceps,Body Only
Barbell Hip Thrust,,Glutes,Barbell
Forward lunge,,Quadriceps,Body Only
Barbell Bench Press - Medium Grip,,Chest,Barbell
Chest dip,,Chest,Other
Seated dumbbell shoulder press,https://www.bodybuilding.com/images/2020/xdb/cropped/xdb-50e-seated-dumbbell-shoulder-press-m1-square-600x600.jpg,Shoulders,Dumbbell
Barbell Curl,,Biceps,Barbell
EZ-Bar Skullcrusher,https://www.bodybuilding.com/images/2020/xdb/cropped/xdb-94s-ez-bar-skullcrusher-m1-square-600x600.jpg,Triceps,E-Z Curl Bar
One-Arm Dumbbell Row,https://www.bodybuilding.com/images/2020/xdb/cropped/xdb-13e-single-arm-bench-dumbbell-row-m1-square-600x600.jpg,Middle Back,Dumbbell
Alternating standing shoulder press,https://www.bodybuilding.com/images/2020/xdb/cropped/xdb-93d-alternating-standing-shoulder-press-m1-square-600x600.jpg,Shoulders,Dumbbell
Concentration curl,https://www.bodybuilding.com/images/2020/xdb/cropped/xdb-8e-concentration-curl-m1-square-600x600.jpg,Biceps,Dumbbell
Decline Crunch,,Abdominals,Body Only
Decline Dumbbell Flyes,https://www.bodybuilding.com/images/2020/xdb/cropped/xdb-31n-decline-dumbbell-chest-fly-m2-square-600x600.jpg,Chest,Dumbbell
Single-arm incline rear delt raise,,Shoulders,Dumbbell
Alternating dumbbell front raise,,Shoulders,Dumbbell
Hanging toes-to-bar,,Abdominals,Body Only
Narrow-stance squat,,Quadriceps,Barbell
Kneeling cable oblique crunch,,Abdominals,Cable
Reverse Grip Triceps Pushdown,https://www.bodybuilding.com/images/2020/xdb/cropped/xdb-19c-reverse-grip-cable-straight-bar-push-down-m2-square-600x600.jpg,Triceps,Cable
Bear crawl sled drag,,Quadriceps,Other
Rocky Pull-Ups/Pulldowns,,Lats,Other
Snatch-Grip Behind-The-Neck Overhead Press,https://www.bodybuilding.com/exercises/exerciseImages/sequences/4571/Male/m/4571_1.jpg,Shoulders,Barbell
Box Squat with Bands,https://www.bodybuilding.com/exercises/exerciseImages/sequences/666/Male/m/666_1.jpg,Quadriceps,Barbell
Flexor Incline Dumbbell Curls,https://www.bodybuilding.com/exercises/exerciseImages/sequences/285/Male/m/285_1.jpg,Biceps,Dumbbell
Seated One-Arm Dumbbell Palms-Up Wrist Curl,https://www.bodybuilding.com/exercises/exerciseImages/sequences/386/Male/m/386_1.jpg,Forearms,Dumbbell
Thigh adductor,,Adductors,Machine
Machine Bicep Curl,https://www.bodybuilding.com/exercises/exerciseImages/sequences/899/Male/m/899_2.jpg,Biceps,Machine
Seated Palms-Down Barbell Wrist Curl,https://www.bodybuilding.com/exercises/exerciseImages/sequences/389/Male/m/389_1.jpg,Forearms,
Single-arm incline rear delt raise,https://www.bodybuilding.com/images/2020/xdb/cropped/xdb-14n-single-arm-incline-rear-delt-raise-m1-square-600x600.jpg,Shoulders,Dumbbell
Alternating dumbbell front raise,https://www.bodybuilding.com/images/2020/xdb/cropped/xdb-14d-alternating-dumbbell-front-raise-m1-square-600x600.jpg,Shoulders,Dumbbell
Hanging toes-to-bar,https://www.bodybuilding.com/images/2020/xdb/cropped/2019-xdb-128c-hanging-toes-to-bar-m1-600x600.jpg,Abdominals,Body Only
Narrow-stance squat,https://www.bodybuilding.com/images/2020/xdb/cropped/xdb-30a-narrow-stance-squat-m1-square-600x600.jpg,Quadriceps,Barbell
Kneeling cable oblique crunch,https://www.bodybuilding.com/images/2020/xdb/cropped/xdb-36c-kneeling-cable-oblique-crunch-m1-square-600x600.jpg,Abdominals,Cable
Reverse Grip Triceps Pushdown,https://www.bodybuilding.com/images/2020/xdb/cropped/xdb-19c-reverse-grip-cable-straight-bar-push-down-m1-square-600x600.jpg,Triceps,Cable
Bear crawl sled drag,https://www.bodybuilding.com/images/2020/xdb/cropped/2020-xdb-153s-bear-crawl-sled-drag-m1-crop-600x600.jpg,Quadriceps,Other
Rocky Pull-Ups/Pulldowns,https://www.bodybuilding.com/exercises/exerciseImages/sequences/279/Male/m/279_1.jpg,Lats,Other
Snatch-Grip Behind-The-Neck Overhead Press,,Shoulders,Barbell
Box Squat with Bands,,Quadriceps,Barbell
Flexor Incline Dumbbell Curls,,Biceps,Dumbbell
Seated One-Arm Dumbbell Palms-Up Wrist Curl,,Forearms,Dumbbell
Machine Bicep Curl,,Biceps,Machine
Seated Palms-Down Barbell Wrist Curl,,Forearms,
Car driver,,Shoulders,Other
Alternating Deltoid Raise,,Shoulders,Dumbbell
Hanging Oblique Knee Raise,https://www.bodybuilding.com/images/2020/xdb/cropped/2019-xdb-120c-hanging-oblique-crunch-m1-600x600.jpg,Abdominals,Body Only
Bodyweight Flyes,https://www.bodybuilding.com/images/2020/xdb/cropped/2019-xdb-182s-double-bar-roll-out-chest-fly-m1-600x600.jpg,Chest,E-Z Curl Bar
Standing Calf Raises,https://www.bodybuilding.com/images/2020/xdb/cropped/xdb-117s-standing-calf-raise-m1-square-600x600.jpg,Calves,Machine
Push-Ups - Close Triceps Position,https://www.bodybuilding.com/images/2020/xdb/cropped/xdb-104a-close-push-up-m1-square-600x600.jpg,Triceps,Body Only
One-Arm Long Bar Row,https://www.bodybuilding.com/images/2020/xdb/cropped/xdb-124s-single-arm-landmine-bent-over-row-m1-square-600x600.jpg,Middle Back,Barbell
Overhead cable curl,,Biceps,Cable
Single-dumbbell front raise,https://www.bodybuilding.com/images/2020/xdb/cropped/xdb-18d-single-dumbbell-front-raise-m1-square-600x600.jpg,Shoulders,Dumbbell
Incline cable chest fly,https://www.bodybuilding.com/images/2020/xdb/cropped/xdb-10c-incline-cable-chest-fly-m1-square-600x600.jpg,Chest,Cable
Single-leg depth squat,https://www.bodybuilding.com/images/2020/xdb/cropped/xdb-68e-single-leg-depth-squat-m1-square-600x600.jpg,Quadriceps,Bands
Dumbbell suitcase crunch,https://www.bodybuilding.com/images/2020/xdb/cropped/xdb-50d-dumbbell-suitcase-crunch-m1-square-600x600.jpg,Abdominals,Medicine Ball
Plate Twist,https://www.bodybuilding.com/exercises/exerciseImages/sequences/106/Male/m/106_1.jpg,Abdominals,Other
Single-leg cable hip extension,https://www.bodybuilding.com/images/2020/xdb/cropped/xdb-43c-single-leg-cable-hip-extension-m1-square-600x600.jpg,Glutes,Cable
Weighted Jump Squat,https://www.bodybuilding.com/exercises/exerciseImages/sequences/887/Male/m/887_1.jpg,Quadriceps,Barbell
Squat with Chains,,Quadriceps,Barbell
Gorilla Chin/Crunch,,Abdominals,Body Only
Kneeling cable triceps extension,,Triceps,Cable
Kneeling Cable Crunch With Alternating Oblique Twists,,Abdominals,Cables
Bicycling,,Quadriceps,Other
Arnold press,,Shoulders,Dumbbell
Weighted Crunches,https://www.bodybuilding.com/images/2020/xdb/cropped/xdb-50d-dumbbell-suitcase-crunch-m1-square-600x600.jpg,Abdominals,Other
Single-arm cable triceps extension,https://www.bodybuilding.com/images/2020/xdb/cropped/xdb-31c-single-arm-cable-triceps-extension-m1-square-600x600.jpg,Triceps,Cable
Barbell roll-out,https://www.bodybuilding.com/images/2020/xdb/cropped/xdb-48b-barbell-roll-out-m1-square-600x600.jpg,Abdominals,Barbell
Kneeling cable crunch,https://www.bodybuilding.com/images/2020/xdb/cropped/xdb-35c-kneeling-cable-crunch-m1-square-600x600.jpg,Abdominals,Cable
Exercise Ball Pull-In,,Abdominals,Exercise Ball
Hanging leg raise,https://www.bodybuilding.com/images/2020/xdb/cropped/xdb-9m-hanging-leg-raise-m1-square-600x600.jpg,Abdominals,Body Only
Barbell Ab Rollout - On Knees,https://www.bodybuilding.com/images/2020/xdb/cropped/xdb-48b-barbell-roll-out-m1-square-600x600.jpg,Abdominals,Barbell
Barbell Squat,https://www.bodybuilding.com/images/2020/xdb/cropped/xdb-50b-barbell-back-squat-m1-square-600x600.jpg,Quadriceps,Barbell
Decline barbell bench press,https://www.bodybuilding.com/images/2020/xdb/cropped/xdb-34n-decline-barbell-bench-press-m1-square-600x600.jpg,Chest,Barbell
Dumbbell Bicep Curl,,Biceps,Dumbbell
Dumbbell Goblet Squat,,Quadriceps,Dumbbell
Dumbbell squat,,Quadriceps,Dumbbell
Barbell front squat,https://www.bodybuilding.com/images/2020/xdb/cropped/xdb-51b-barbell-front-squat-m1-square-600x600.jpg,Quadriceps,Barbell
Close-grip pull-down,,Lats,Cable
Triceps Pushdown - Rope Attachment,,Triceps,Cables
Side-to-side box skip,https://www.bodybuilding.com/images/2020/xdb/cropped/xdb-69e-side-to-side-box-skip-m1-square-600x600.jpg,Quadriceps,Body Only
Smith machine shoulder press,https://www.bodybuilding.com/images/2020/xdb/cropped/xdb-alt-31t-smith-machine-shoulder-press-m1-square-600x600.jpg,Shoulders,Machine
Seated triceps press,,Triceps,Dumbbell
Dumbbell Lying Supination,,Forearms,
Pull-up,https://www.bodybuilding.com/images/2020/xdb/cropped/xdb-92c-pull-up-m1-square-600x600.jpg,Lats,Body Only
Wide-grip bench press,https://www.bodybuilding.com/images/2020/xdb/cropped/xdb-84e-wide-grip-bench-press-m1-square-600x600.jpg,Chest,Barbell
Close-grip EZ-bar curl,https://www.bodybuilding.com/images/2020/xdb/cropped/xdb-47s-close-grip-ez-bar-curl-m1-square-600x600.jpg,Biceps,Barbell
T-Bar Row,https://www.bodybuilding.com/images/2020/xdb/3381_1.jpg,Middle Back,Other
Bent Over Two-Arm Long Bar Row,https://www.bodybuilding.com/exercises/exerciseImages/sequences/18/Male/m/18_1.jpg,Middle Back,Barbell
Muscle Up,,Lats,Body Only
Machine shoulder press,,Shoulders,Machine
Incline EZ-bar skullcrusher,,Triceps,Barbell
Alternating sit-through with crunch,https://www.bodybuilding.com/images/2020/xdb/cropped/xdb-124s-single-arm-landmine-bent-over-row-m1-square-600x600.jpg,Middle Back,Other
Wide-Grip Decline Barbell Bench Press,,Chest,Barbell
Rower,,Middle Back,Machine
Snatch Deadlift,,Hamstrings,Barbell
Front Plate Raise,,Shoulders,Other
Decline Close-Grip Bench To Skull Crusher,https://www.bodybuilding.com/exercises/exerciseImages/sequences/288/Male/m/288_1.jpg,Triceps,Barbell
Lying Leg Curls,https://www.bodybuilding.com/images/2020/xdb/cropped/xdb-20m-lying-leg-curl-m1-square-600x600.jpg,Hamstrings,Machine
Cross-body hammer curl,https://www.bodybuilding.com/images/2020/xdb/cropped/xdb-4d-cross-body-hammer-curl-m1-square-600x600.jpg,Biceps,Dumbbell
Shotgun row,https://www.bodybuilding.com/images/2020/xdb/cropped/xdb-37c-shotgun-row-m1-square-600x600.jpg,Lats,Cable
Ab Roller,https://www.bodybuilding.com/images/2020/xdb/cropped/xdb-2s-ab-wheel-roll-out-m1-square-600x600.jpg,Abdominals,Other
Reverse-grip incline dumbbell bench press,https://www.bodybuilding.com/images/2020/xdb/cropped/xdb-4n-reverse-grip-incline-dumbbell-bench-press-m1-square-600x600.jpg,Chest,Dumbbell
Leg Press,https://www.bodybuilding.com/images/2020/xdb/cropped/xdb-44m-leg-press-m1-square-600x600.jpg,Quadriceps,Machine
Stiff-Legged Dumbbell Deadlift,https://www.bodybuilding.com/images/2020/xdb/cropped/xdb-9d-dumbbell-stiff-legged-deadlift-m1-square-600x600.jpg,Hamstrings,Dumbbell
Cable Crossover,,Chest,Cable
Barbell Incline Bench Press Medium-Grip,,Chest,Barbell
Incline Dumbbell Flyes,,Chest,Dumbbell
Seated Cable Rows,,Middle Back,Cable
Tricep Dumbbell Kickback,https://www.bodybuilding.com/images/2020/xdb/cropped/xdb-76d-single-arm-triceps-kick-back-m2-square-600x600.jpg,Triceps,Dumbbell
Otis-Up,,Abdominals,Other
Mountain climber,https://www.bodybuilding.com/images/2020/xdb/cropped/xdb-201a-mountain-climber-m1-square-600x600.jpg,Abdominals,Body Only
Ab bicycle,https://www.bodybuilding.com/images/2020/xdb/cropped/xdb-73a-ab-cycle-m2-square-600x600.jpg,Abdominals,Body Only
Barbell forward lunge,https://www.bodybuilding.com/images/2020/xdb/cropped/xdb-43b-barbell-forward-lunge-m1-square-600x600.jpg,Quadriceps,Barbell
3/4 sit-up,https://www.bodybuilding.com/images/2020/xdb/cropped/xdb-149a-34-sit-up-m1-square-600x600.jpg,Abdominals,Body Only
Exercise ball leg curl,https://www.bodybuilding.com/images/2020/xdb/cropped/xdb-21s-exercise-ball-leg-curl-m1-square-600x600.jpg,Hamstrings,Exercise Ball
Glute bridge,https://www.bodybuilding.com/images/2020/xdb/cropped/xdb-59a-glute-bridge-m1-square-600x600.jpg,Glutes,Body Only
Close-Grip Front Lat Pulldown,https://www.bodybuilding.com/images/2020/xdb/cropped/xdb-73c-close-grip-pull-down-m1-square-600x600.jpg,Lats,Cable
Dip Machine,https://www.bodybuilding.com/exercises/exerciseImages/sequences/146/Male/m/146_1.jpg,Triceps,Cable
Incline dumbbell row,,Middle Back,Dumbbell
Dumbbell Lunges,,Quadriceps,Dumbbell
Single-arm standing shoulder press,,Shoulders,Dumbbell
Preacher Curl,https://www.bodybuilding.com/images/2020/xdb/cropped/xdb-55s-ez-bar-preacher-curl-m1-square-600x600.jpg,Biceps,Barbell
Reverse crunch,https://www.bodybuilding.com/images/2020/xdb/cropped/2019-xdb-263a-reverse-crunch-m1-600x600.jpg,Abdominals,Body Only
Standing Dumbbell Triceps Extension,https://www.bodybuilding.com/images/2020/june/345_1.jpg,Triceps,Dumbbell
Elliptical trainer,https://www.bodybuilding.com/images/2020/xdb/cropped/xdb-22m-elliptical-trainer-m1-square-600x600.jpg,Quadriceps,Machine
Bodyweight squat,https://www.bodybuilding.com/images/2020/xdb/cropped/xdb-27a-bodyweight-squat-m1-square-600x600.jpg,Quadriceps,Body Only
Bent Over Two-Dumbbell Row With Palms In,https://www.bodybuilding.com/exercises/exerciseImages/sequences/17/Male/m/17_1.jpg,Middle Back,Dumbbell
Hex-bar deadlift,https://www.bodybuilding.com/images/2020/xdb/cropped/xdb-123s-hex-bar-deadlift-m1-square-600x600.jpg,Quadriceps,Other
Narrow-stance leg press,https://www.bodybuilding.com/images/2020/xdb/cropped/xdb-46m-wide-stance-leg-press-m1-square-600x600.jpg,Quadriceps,Machine
Single-leg glute bridge,https://www.bodybuilding.com/images/2020/xdb/cropped/xdb-61a-single-leg-glute-bridge-m1-square-600x600.jpg,Glutes,Body Only
Barbell Curls Lying Against An Incline,https://www.bodybuilding.com/exercises/exerciseImages/sequences/300/Male/m/300_1.jpg,Biceps,Barbell
Standing Hip Circles,https://www.bodybuilding.com/exercises/exerciseImages/sequences/873/Male/m/873_1.jpg,Abductors,Body Only
Clam,https://www.bodybuilding.com/images/2020/april/2843_1.jpg,Abductors,
Narrow Stance Hack Squats,,Quadriceps,Machine
Seated Close-Grip Concentration Barbell Curl,,Biceps,Barbell
Dumbbell Lying Pronation,,Forearms,
Smith machine box squat,,Quadriceps,Barbell
Drop Push,,Chest,Other
Upside-down pull-up,,Middle Back,Other
Reverse Barbell Preacher Curls,,Biceps,E-Z Curl Bar
Close-grip EZ-bar bench press,,Chest,E-Z Curl Bar
Incline Push-Up,,Chest,Body Only
Hyperextensions With No Hyperextension Bench,,Lower Back,Body Only
Dumbbell front raise,https://www.bodybuilding.com/images/2020/xdb/cropped/xdb-13d-dumbbell-front-raise-m2-square-600x600.jpg,Shoulders,Dumbbell
Parallel Bar Dip,https://www.bodybuilding.com/images/2020/xdb/cropped/xdb-1m-triceps-dip-m1-square-600x600.jpg,Triceps,Body Only
Stairmaster,https://www.bodybuilding.com/images/2020/xdb/cropped/xdb-51m-stair-climber-m1-square-600x600.jpg,Quadriceps,Machine
Double Leg Butt Kick,https://www.bodybuilding.com/exercises/exerciseImages/sequences/778/Male/m/778_1.jpg,Quadriceps,
Groiners,,Adductors,Body Only
Neck Press,,Chest,Barbell
Broad jump,,Quadriceps,Body Only
Machine Squat,,Quadriceps,Machine
V-bar pull-up,https://www.bodybuilding.com/images/2020/xdb/cropped/2020-xdb-140c-v-bar-pull-up-m1-crop-600x600.jpg,Lats,
Ring dip,,Triceps,Body Only
Standing One-Arm Cable Curl,,Biceps,Cable
Burpee,https://www.bodybuilding.com/images/2020/xdb/cropped/xdb-38a-burpee-m4-square-600x600.jpg,Quadriceps,Body Only
Double-arm triceps kick-back,https://www.bodybuilding.com/images/2020/xdb/cropped/xdb-75d-double-arm-triceps-kick-back-m2-square-600x600.jpg,Triceps,Dumbbell
Dumbbell reverse lunge,https://www.bodybuilding.com/images/2020/xdb/cropped/xdb-83d-dumbbell-reverse-lunge-m1-square-600x600.jpg,Quadriceps,Dumbbell
Seated Calf Raise,https://www.bodybuilding.com/images/2020/xdb/cropped/xdb-13m-machine-seated-calf-raise-m1-square-600x600.jpg,Calves,Machine
Standing dumbbell shrug,https://www.bodybuilding.com/images/2020/xdb/cropped/xdb-115d-standing-dumbbell-shrug-m1-square-600x600.jpg,Traps,Dumbbell
Calf Press On The Leg Press Machine,,Calves,Machine
Barbell step-up,,Quadriceps,Barbell
Feet-elevated bench dip,,Triceps,Body Only
Bent Over Barbell Row,,Middle Back,Barbell
Crunches,,Abdominals,Body Only
Dumbbell Alternate Bicep Curl,,Biceps,Dumbbell
Bent-over dumbbell rear delt row,,Shoulders,Dumbbell
External Rotation with Cable,,Shoulders,Cables
Handstand push-up,,Shoulders,Body Only
Single-arm dumbbell preacher curl,https://www.bodybuilding.com/images/2020/xdb/cropped/xdb-53s-single-arm-dumbbell-preacher-curl-m1-square-600x600.jpg,Biceps,Dumbbell
Step-up with knee raise,https://www.bodybuilding.com/images/2020/xdb/cropped/xdb-70e-step-up-with-knee-raise-m1-square-600x600.jpg,Glutes,Body Only
Smith machine back squat,https://www.bodybuilding.com/images/2020/xdb/cropped/xdb-18t-smith-machine-back-squat-m1-square-600x600.jpg,Quadriceps,Machine
Incline dumbbell front raise,,Shoulders,Dumbbell
Alternate Incline Dumbbell Curl,https://www.bodybuilding.com/images/2020/xdb/cropped/xdb-26n-alternating-incline-dumbbell-biceps-curl-m1-square-600x600.jpg,Biceps,Dumbbell
Standing dumbbell upright row,https://www.bodybuilding.com/images/2020/xdb/cropped/xdb-125d-standing-dumbbell-upright-row-m1-square-600x600.jpg,Traps,Dumbbell
Single-arm cable front raise,https://www.bodybuilding.com/images/2020/xdb/cropped/xdb-42c-single-arm-cable-front-raise-m1-square-600x600.jpg,Shoulders,Cable
Two-Arm Kettlebell Military Press,https://www.bodybuilding.com/exercises/exerciseImages/sequences/530/Male/m/530_1.jpg,Shoulders,Kettlebells
Incline cable chest press,https://www.bodybuilding.com/images/2020/xdb/cropped/xdb-11c-incline-cable-chest-press-m1-square-600x600.jpg,Chest,Cable
Rope climb,,Lats,Body Only
Single-arm dumbbell preacher curl,,Biceps,Dumbbell
Step-up with knee raise,https://www.bodybuilding.com/images/2020/xdb/cropped/xdb-70e-step-up-with-knee-raise-m2-square-600x600.jpg,Glutes,Body Only
Incline dumbbell front raise,https://www.bodybuilding.com/images/2020/xdb/cropped/xdb-11n-incline-dumbbell-front-raise-m1-square-600x600.jpg,Shoulders,Dumbbell
Rope climb,https://www.bodybuilding.com/images/2020/xdb/cropped/xdb-155s-rope-climb-m1-square-600x600.jpg,Lats,Body Only
Trail Running/Walking,,Quadriceps,Body Only
Standing Bradford press,,Shoulders,Barbell
Neutral-grip dumbbell bench press,,Chest,Dumbbell
Cable Chest Press,https://www.bodybuilding.com/exercises/exerciseImages/sequences/870/Male/m/870_1.jpg,Chest,Cable
Standing concentration curl,https://www.bodybuilding.com/images/2020/xdb/cropped/xdb-23d-standing-concentration-curl-m1-square-600x600.jpg,Biceps,Dumbbell
Wide-Grip Rear Pull-Up,https://www.bodybuilding.com/exercises/exerciseImages/sequences/191/Male/m/191_1.jpg,Lats,Body Only
Kettlebell pass-through lunge,https://www.bodybuilding.com/images/2020/xdb/cropped/xdb-57k-kettlebell-pass-through-lunge-m1-square-600x600.jpg,Hamstrings,Kettlebells
Hands-elevated push-up,https://www.bodybuilding.com/images/2020/xdb/cropped/xdb-18e-hands-elevated-push-up-m1-square-600x600.jpg,Chest,Body Only
Deadlift with Bands,https://www.bodybuilding.com/exercises/exerciseImages/sequences/677/Male/m/677_1.jpg,Lower Back,Barbell
Straight-arm rope pull-down,https://www.bodybuilding.com/images/2020/xdb/cropped/2019-xdb-105c-straight-arm-rope-pull-down-m1-600x600.jpg,Lats,Cable
Barbell Shoulder Press,https://www.bodybuilding.com/images/2020/xdb/cropped/xdb-48e-seated-barbell-shoulder-press-m1-square-600x600.jpg,Shoulders,Barbell
Power clean,https://www.bodybuilding.com/images/2020/xdb/cropped/xdb-25b-power-clean-m1-square-600x600.jpg,Hamstrings,Barbell
Hang Snatch,https://www.bodybuilding.com/exercises/exerciseImages/sequences/690/Male/m/690_1.jpg,Hamstrings,Barbell
Kettlebell sumo deadlift high pull,https://www.bodybuilding.com/images/2020/xdb/cropped/xdb-49k-kettlebell-sumo-deadlift-high-pull-m1-square-600x600.jpg,Traps,Kettlebells
Calf-Machine Shoulder Shrug,https://www.bodybuilding.com/exercises/exerciseImages/sequences/184/Male/m/184_1.jpg,Traps,Machine
Bench Press - Powerlifting,https://www.bodybuilding.com/exercises/exerciseImages/sequences/663/Male/m/663_1.jpg,Triceps,Barbell
Rocking Standing Calf Raise,,Calves,Barbell
Goblet Squat,,Quadriceps,Kettlebells
Behind-the-head skullcrusher,https://www.bodybuilding.com/images/2020/xdb/cropped/xdb-56e-behind-the-head-skullcrusher-m1-square-600x600.jpg,Triceps,Barbell
Seated palms-up wrist curl,https://www.bodybuilding.com/images/2020/xdb/cropped/xdb-65e-seated-palms-up-wrist-curl-m1-square-600x600.jpg,Forearms,Barbell
Reverse Cable Curl,https://www.bodybuilding.com/exercises/exerciseImages/sequences/141/Male/m/141_1.jpg,Biceps,Cable
Dumbbell side bend,https://www.bodybuilding.com/images/2020/xdb/cropped/xdb-102d-dumbbell-side-bend-m1-square-600x600.jpg,Abdominals,Dumbbell
Lat pull-down,https://www.bodybuilding.com/images/2020/xdb/cropped/xdb-72c-lat-pull-down-m1-square-600x600.jpg,Lats,Cable
Side Lateral Raise,https://www.bodybuilding.com/images/2020/xdb/cropped/xdb-77d-dumbbell-lateral-raise-m1-square-600x600.jpg,Shoulders,Dumbbell
Alternating incline dumbbell biceps curl,https://www.bodybuilding.com/images/2020/xdb/cropped/xdb-26n-alternating-incline-dumbbell-biceps-curl-m1-square-600x600.jpg,Biceps,Dumbbell
Kettlebell One-Legged Deadlift,https://www.bodybuilding.com/images/2020/xdb/cropped/xdb-4k-single-leg-kettlebell-deadlift-m1-square-600x600.jpg,Hamstrings,Kettlebells
Alternate Hammer Curl,https://www.bodybuilding.com/images/2020/xdb/cropped/xdb-3d-alternating-hammer-curl-m1-square-600x600.jpg,Biceps,Dumbbell
Decline Push-Up,https://www.bodybuilding.com/images/2020/xdb/cropped/xdb-20e-feet-elevated-push-up-m1-square-600x600.jpg,Chest,Body Only
Captain's chair knee raise,https://www.bodybuilding.com/images/2020/xdb/cropped/xdb-5m-captains-chair-knee-raise-m1-square-600x600.jpg,Abdominals,Other
Triceps Pushdown,https://www.bodybuilding.com/images/2020/xdb/cropped/xdb-17c-cable-v-bar-push-down-m1-square-600x600.jpg,Triceps,Cable
Low cable overhead triceps extension,,Triceps,Cable
Single-arm cable cross-over,,Chest,Cable
Seated dumbbell biceps curl,,Biceps,Dumbbell
Battle ropes,,Shoulders,Other
Dead bug reach,,Abdominals,Body Only
Deadlift with Chains,,Lower Back,Barbell
Rope Crunch,https://www.bodybuilding.com/images/2020/xdb/cropped/xdb-35c-kneeling-cable-crunch-m1-square-600x600.jpg,Abdominals,Cable
Palms-Up Dumbbell Wrist Curl Over A Bench,,Forearms,Dumbbell
Kettlebell thruster,,Glutes,Kettlebells
Single-Arm Push-Up,,Chest,Body Only
Band Hip Adductions,https://www.bodybuilding.com/exercises/exerciseImages/sequences/850/Male/m/850_2.jpg,Adductors,Bands
Single-arm kettlebell clean,https://www.bodybuilding.com/images/2020/xdb/cropped/xdb-80k-single-arm-kettlebell-clean-m1-square-600x600.jpg,Hamstrings,Kettlebells
Preacher Hammer Dumbbell Curl,https://www.bodybuilding.com/exercises/exerciseImages/sequences/155/Male/m/155_1.jpg,Biceps,Dumbbell
Alternating Kettlebell Press,https://www.bodybuilding.com/exercises/exerciseImages/sequences/504/Male/m/504_1.jpg,Shoulders,Kettlebells
Split Squat with Dumbbells,https://www.bodybuilding.com/images/2020/xdb/cropped/xdb-61e-dumbbell-bulgarian-split-squat-m1-square-600x600.jpg,Quadriceps,Dumbbell
Standing One-Arm Dumbbell Curl Over Incline Bench,,Biceps,
Standing Olympic Plate Hand Squeeze,,Forearms,Other
Sledgehammer swing,,Abdominals,Other
Kneeling Squat,https://www.bodybuilding.com/exercises/exerciseImages/sequences/697/Male/m/697_1.jpg,Glutes,Barbell
Single-arm kettlebell snatch,,Shoulders,Kettlebells
Close-grip barbell curl,https://www.bodybuilding.com/images/2020/xdb/cropped/xdb-20b-close-grip-barbell-curl-m1-square-600x600.jpg,Biceps,Barbell
Box jump,,Hamstrings,Other
Standing cable crunch,,Abdominals,Cable
Leverage Incline Chest Press,https://www.bodybuilding.com/exercises/exerciseImages/sequences/893/Male/m/893_1.jpg,Chest,Machine
Standing barbell overhead triceps extension,,Triceps,Barbell
Lying cable triceps extension,,Triceps,Cable
Kettlebell Turkish Get-Up (Squat style),https://www.bodybuilding.com/exercises/exerciseImages/sequences/527/Male/m/527_1.jpg,Shoulders,
Crunch - Hands Overhead,https://www.bodybuilding.com/exercises/exerciseImages/sequences/113/Male/m/113_1.jpg,Abdominals,Body Only
Cable Internal Rotation,https://www.bodybuilding.com/exercises/exerciseImages/sequences/315/Male/m/315_1.jpg,Shoulders,Cable
Leg Extensions,https://www.bodybuilding.com/images/2020/xdb/cropped/xdb-18m-leg-extension-m1-square-600x600.jpg,Quadriceps,Machine
Standing One-Arm Dumbbell Curl Over Incline Bench,https://www.bodybuilding.com/exercises/exerciseImages/sequences/339/Male/m/339_1.jpg,Biceps,
Standing Olympic Plate Hand Squeeze,https://www.bodybuilding.com/exercises/exerciseImages/sequences/6/Male/m/6_1.jpg,Forearms,Other
Sledgehammer swing,https://www.bodybuilding.com/images/2020/xdb/cropped/2019-xdb-186s-sledghehammer-swing-m1-600x600.jpg,Abdominals,Other
Single-arm kettlebell snatch,https://www.bodybuilding.com/images/2020/xdb/cropped/xdb-79k-single-arm-kettlebell-snatch-m1-square-600x600.jpg,Shoulders,Kettlebells
Box jump,https://www.bodybuilding.com/images/2020/xdb/cropped/xdb-75e-box-jump-m1-square-600x600.jpg,Hamstrings,Other
Standing cable crunch,https://www.bodybuilding.com/images/2020/xdb/cropped/xdb-34c-standing-cable-crunch-m1-square-600x600.jpg,Abdominals,Cable
Standing barbell overhead triceps extension,https://www.bodybuilding.com/images/2020/xdb/cropped/xdb-60b-standing-barbell-overhead-triceps-extension-m1-square-600x600.jpg,Triceps,Barbell
Lying cable triceps extension,https://www.bodybuilding.com/images/2020/xdb/cropped/xdb-62c-lying-cable-triceps-extension-m1-square-600x600.jpg,Triceps,Cable
Close push-up to wide push-up,,Chest,Body Only
Single-arm dumbbell triceps extension,,Triceps,Dumbbell
Butterfly,,Chest,Machine
Decline dumbbell bench press,https://www.bodybuilding.com/images/2020/xdb/cropped/xdb-33n-decline-dumbbell-bench-press-m1-square-600x600.jpg,Chest,Dumbbell
V-up,https://www.bodybuilding.com/images/2020/xdb/cropped/xdb-76a-v-up-m1-square-600x600.jpg,Abdominals,Body Only
Seated face pull,,Shoulders,Cable
Barbell Bulgarian split squat,https://www.bodybuilding.com/images/2020/xdb/cropped/2020-xdb-60e-barbell-bulgarian-split-squat-m1-crop-600x600.jpg,Quadriceps,Barbell
Reverse-grip lat pull-down,https://www.bodybuilding.com/images/2020/xdb/cropped/xdb-74c-reverse-grip-lat-pull-down-m1-square-600x600.jpg,Lats,Machine
Standing Biceps Cable Curl,https://www.bodybuilding.com/images/2020/xdb/cropped/xdb-22c-cable-straight-bar-biceps-curl-m1-square-600x600.jpg,Biceps,Cable
Single-arm cable seated row,https://www.bodybuilding.com/images/2020/xdb/cropped/xdb-82c-single-arm-cable-seated-row-m1-square-600x600.jpg,Middle Back,Cable
Single-arm kettlebell row,https://www.bodybuilding.com/images/2020/xdb/cropped/xdb-12e-single-arm-dumbbell-bench-press-m1-square-600x600.jpg,Chest,Dumbbell
Scissors Jump,https://www.bodybuilding.com/images/2020/xdb/cropped/xdb-42a-alternating-lunge-jump-m4-square-600x600.jpg,Quadriceps,Body Only
Wide Stance Stiff Legs,https://www.bodybuilding.com/exercises/exerciseImages/sequences/744/Male/m/744_1.jpg,Hamstrings,Barbell
Rack Pull with Bands,https://www.bodybuilding.com/exercises/exerciseImages/sequences/741/Male/m/741_1.jpg,Lower Back,Barbell
Drag curl,https://www.bodybuilding.com/images/2020/xdb/cropped/xdb-11b-drag-curl-m1-square-600x600.jpg,Biceps,Barbell
Close push-up to wide push-up,https://www.bodybuilding.com/images/2020/xdb/cropped/xdb-105a-close-push-up-to-wide-push-up-m1-square-600x600.jpg,Chest,Body Only
Single-arm dumbbell triceps extension,https://www.bodybuilding.com/images/2020/xdb/cropped/xdb-130d-single-arm-dumbbell-triceps-extension-m2-square-600x600.jpg,Triceps,Dumbbell
Butterfly,https://www.bodybuilding.com/images/2020/xdb/cropped/xdb-53m-machine-chest-fly-m1-square-600x600.jpg,Chest,Machine
Seated face pull,https://www.bodybuilding.com/images/2020/xdb/cropped/xdb-70c-seated-face-pull-m1-square-600x600.jpg,Shoulders,Cable
Rack Pull with Bands,,Lower Back,Barbell
Drag curl,,Biceps,Barbell
Hang Clean - Below the Knees,,Quadriceps,Barbell
Decline oblique crunch,,Abdominals,None
Dumbbell external shoulder rotation,,Shoulders,Dumbbell
Single-arm bent-over cable rear delt fly,https://www.bodybuilding.com/images/2020/xdb/cropped/xdb-48c-single-arm-cable-rear-delt-fly-m1-square-600x600.jpg,Shoulders,Cable
Clean,https://www.bodybuilding.com/exercises/exerciseImages/sequences/669/Male/m/669_1.jpg,Hamstrings,Barbell
Single-arm incline lateral raise,https://www.bodybuilding.com/images/2020/xdb/cropped/xdb-24n-single-arm-incline-lateral-raise-m1-square-600x600.jpg,Shoulders,Dumbbell
Decline bar press sit-up,https://www.bodybuilding.com/images/2020/xdb/cropped/xdb-44n-decline-press-sit-up-m1-square-600x600.jpg,Abdominals,Barbell
Barbell rear delt bent-over row,https://www.bodybuilding.com/images/2020/xdb/cropped/xdb-03b-barbell-rear-delt-bent-over-row-m1-square-600x600.jpg,Shoulders,Barbell
Calf Press,https://www.bodybuilding.com/images/2020/xdb/cropped/xdb-117s-standing-calf-raise-m1-square-600x600.jpg,Calves,Machine
Kettlebell alternating renegade row,https://www.bodybuilding.com/images/2020/xdb/cropped/xdb-11k-kettlebell-alternating-renegade-row-m1-square-600x600.jpg,Middle Back,Kettlebells
Bosu Ball Cable Crunch With Side Bends,https://www.bodybuilding.com/exercises/exerciseImages/sequences/932/Male/m/932_1.jpg,Abdominals,Cable
Stomach Vacuum,https://www.bodybuilding.com/exercises/exerciseImages/sequences/243/Male/m/243_1.jpg,Abdominals,Body Only
Hammer Grip Incline DB Bench Press,https://www.bodybuilding.com/exercises/exerciseImages/sequences/60/Male/m/60_1.jpg,Chest,Dumbbell
Wide-grip hands-elevated push-up,https://www.bodybuilding.com/images/2020/xdb/cropped/xdb-19e-wide-grip-hands-elevated-push-up-m1-square-600x600.jpg,Chest,Body Only
Decline Dumbbell Triceps Extension,https://www.bodybuilding.com/exercises/exerciseImages/sequences/167/Male/m/167_1.jpg,Triceps,Dumbbell
Jumping jack-,,Quadriceps,Body Only
Push-Ups With Feet On An Exercise Ball,,Chest,Body Only
Seated cable shoulder press,,Shoulders,Cable
Barbell hack squat,,Quadriceps,Barbell
Feet-elevated push-up,https://www.bodybuilding.com/images/2020/xdb/cropped/xdb-20e-feet-elevated-push-up-m1-square-600x600.jpg,Chest,Body Only
Good Morning,https://www.bodybuilding.com/images/2020/xdb/cropped/xdb-09b-barbell-good-morning-m1-square-600x600.jpg,Hamstrings,Barbell
Leverage Chest Press,https://www.bodybuilding.com/images/2020/xdb/cropped/xdb-65m-machine-chest-press-m1-square-600x600.jpg,Chest,Machine
Gironda Sternum Chins,https://www.bodybuilding.com/exercises/exerciseImages/sequences/292/Male/m/292_1.jpg,Lats,Other
Exercise ball crunch,https://www.bodybuilding.com/images/2020/xdb/cropped/xdb-23s-exercise-ball-crunch-m1-square-600x600.jpg,Abdominals,Exercise Ball
Seated rear delt fly,https://www.bodybuilding.com/images/2020/xdb/cropped/xdb-47e-seated-rear-delt-fly-m1-square-600x600.jpg,Shoulders,Dumbbell
Standing face pull,https://www.bodybuilding.com/images/2020/xdb/cropped/xdb-40c-standing-face-pull-m1-square-600x600.jpg,Shoulders,Cable
Glute Ham Raise,https://www.bodybuilding.com/images/2020/xdb/cropped/xdb-25m-glute-ham-raise-m1-square-600x600.jpg,Hamstrings,Machine
Russian twist,https://www.bodybuilding.com/images/2020/xdb/cropped/2019-xdb-262a-russian-twist-m1-600x600.jpg,Abdominals,Body Only
Seated Flat Bench Leg Pull-In,,Abdominals,Weight Bench
Barbell shrug,,Traps,Barbell
Seated Flat Bench Leg Pull-In,https://www.bodybuilding.com/exercises/exerciseImages/sequences/93/Male/m/93_1.jpg,Abdominals,Weight Bench
Barbell shrug,https://www.bodybuilding.com/images/2020/xdb/cropped/xdb-04b-barbell-shrug-m1-square-600x600.jpg,Traps,Barbell
Standing cable rear delt row,,Shoulders,Cable
Flat Bench Lying Leg Raise,https://www.bodybuilding.com/images/2020/xdb/cropped/xdb-63a-lying-leg-lift-m1-square-600x600.jpg,Abdominals,Body Only
Hack Squat,,Quadriceps,Barbell
Dumbbell skullcrusher,,Triceps,Dumbbell
Man-maker,,Middle Back,Dumbbell
Pallof press,,Abdominals,Other
Knees tucked crunch,,Abdominals,Body Only
Straight-arm dumbbell pull-over,https://www.bodybuilding.com/images/2020/xdb/cropped/xdb-26e-straight-arm-dumbbell-pull-over-m1-square-600x600.jpg,Chest,Dumbbell
Arms-crossed jump squat,https://www.bodybuilding.com/images/2020/xdb/cropped/xdb-43a-arms-crossed-jump-squat-m2-square-600x600.jpg,Quadriceps,Body Only
Decline Smith Press,,Chest,Machine
Band Skull Crusher,https://www.bodybuilding.com/exercises/exerciseImages/sequences/1211/Male/m/1211_1.jpg,Triceps,
Side Wrist Pull,https://www.bodybuilding.com/exercises/exerciseImages/sequences/442/Male/m/442_1.jpg,Shoulders,None
Isometric Wipers,https://www.bodybuilding.com/images/2020/xdb/cropped/xdb-122a-typewriter-push-up-m2-square-600x600.jpg,Chest,Body Only
Skating,,Quadriceps,Other
Cable cross-over,https://www.bodybuilding.com/images/2020/xdb/cropped/xdb-1c-cable-cross-over-m1-square-600x600.jpg,Chest,Cable
Treadmill running,,Quadriceps,Machine
One Arm Pronated Dumbbell Triceps Extension,,Triceps,Dumbbell
Single-arm kettlebell clean and jerk,,Shoulders,Kettlebells
Side To Side Chins,,Lats,Body Only
Incline Dumbbell Bench With Palms Facing In,,Chest,Dumbbell
Seated palms-down wrist curl,,Forearms,Dumbbell
Standing leg swing,https://www.bodybuilding.com/images/2020/xdb/cropped/xdb-83s-standing-leg-swing-m1-square-600x600.jpg,Hamstrings,Body Only
Clock push-up,https://www.bodybuilding.com/images/2020/xdb/cropped/xdb-103a-clock-push-up-m1-square-600x600.jpg,Chest,Body Only
Machine seated row,https://www.bodybuilding.com/images/2020/xdb/cropped/xdb-91m-machine-seated-row-m1-square-600x600.jpg,Lats,Machine
Lying Face Up Plate Neck Resistance,https://www.bodybuilding.com/exercises/exerciseImages/sequences/26/Male/m/26_1.jpg,Neck,Other
Weighted sissy squat,https://www.bodybuilding.com/images/2020/xdb/cropped/2019-xdb-180s-weighted-sissy-squat-m1-600x600.jpg,Quadriceps,Other
Jog In Place,,Quadriceps,
Dumbbell Raise,,Shoulders,Dumbbell
Palms-Down Dumbbell Wrist Curl Over A Bench,,Forearms,Dumbbell
One Arm Supinated Dumbbell Triceps Extension,,Triceps,Dumbbell
Jog In Place,https://www.bodybuilding.com/images/2020/xdb/2963_1.jpg,Quadriceps,
Dumbbell Raise,https://www.bodybuilding.com/exercises/exerciseImages/sequences/327/Male/m/327_1.jpg,Shoulders,Dumbbell
Palms-Down Dumbbell Wrist Curl Over A Bench,https://www.bodybuilding.com/exercises/exerciseImages/sequences/4/Male/m/4_1.jpg,Forearms,Dumbbell
One Arm Supinated Dumbbell Triceps Extension,https://www.bodybuilding.com/exercises/exerciseImages/sequences/362/Male/m/362_1.jpg,Triceps,Dumbbell
Stationary bike,,Quadriceps,Machine
Dumbbell bent-over row,,Middle Back,Dumbbell
Barbell thruster,,Quadriceps,Barbell
Flutter Kicks,,Glutes,Weight Bench
Dumbbell sumo squat,,Quadriceps,Dumbbell
Barbell upright row,,Shoulders,Barbell
Superman,,Lower Back,Body Only
Straight-Arm Pulldown,https://www.bodybuilding.com/images/2020/xdb/cropped/2019-xdb-104c-straight-arm-bar-pull-down-m1-600x600.jpg,Lats,Cable
Barbell stiff-legged deadlift,,Hamstrings,Barbell
Standing One-Arm Dumbbell Triceps Extension,,Triceps,Dumbbells
Smith machine bench press,,Chest,Machine
Seated Side Lateral Raise,,Shoulders,Dumbbell
Dumbbell Lying Rear Lateral Raise,https://www.bodybuilding.com/images/2020/xdb/cropped/xdb-13n-incline-dumbbell-reverse-fly-m1-square-600x600.jpg,Shoulders,Dumbbell
Dumbbell preacher curl,,Biceps,Dumbbell
Front Raise And Pullover,,Chest,Barbell
Dumbbell seated box jump,,Quadriceps,Dumbbell
Middle Back Shrug,,Middle Back,Dumbbell
Incline face-down bar front raise,,Shoulders,E-Z Curl Bar
Butt-Ups,,Abdominals,Body Only
Band Good Morning (Pull Through),,Hamstrings,Bands
Bodyweight Reverse Lunge,,Quadriceps,Body Only
Seated One-Arm Dumbbell Palms-Down Wrist Curl,,Forearms,Dumbbell
Glute Kickback,,Glutes,Body Only
Treadmill jogging,,Quadriceps,Machine
Plate Pinch,,Forearms,Other
Yates Row Reverse Grip,,Middle Back,Barbell
Linear Acceleration Wall Drill,,Hamstrings,Body Only
Reverse-grip bench press,,Triceps,Barbell
Leverage Decline Chest Press,,Chest,Machine
Chain Handle Extension,,Triceps,Other